Task,Mean_2D_Error,Median_2D_Error,75th_Percentile,MAE_Longitude,MAE_Latitude,Split
k-NN,137.23571474129176,129.28438575539536,191.35936195171803,117.87314122389624,61.23066226420961,Random
Ridge,130.48454286760813,129.46040210395492,177.90969050509875,112.87708362472574,57.653839145608174,Random
k-NN,12.522105383251304,7.18450175057878,14.98238732293681,8.307686616508448,7.716563857581193,LODO
Ridge,50.49874922401577,35.63290252980562,68.18107059040736,41.08902538661997,25.48928142077219,LODO
