Task,Accuracy,Macro-F1,Split
Building,0.9984954864593781,0.9984420953980052,Random
Floor,0.9889669007021064,0.9897724888016171,Random
Building,0.9828335056876939,0.9810515512191583,LODO
Floor,0.8086866597724922,0.7970708578147876,LODO
